Name,Website,Email,Maps_Link
RatingţŚůHoursţŚůţÉęAll filters,N/A,N/A,
"SponsoredţŚöAstra Dental  4.9Dentist ┬Ě 142 South Gary AvenueOpen ┬Ě Closes 7ÔÇ»PM ┬Ě (630) 326-8343ţáőWebsiteţö«Directions┬á $79.99 New Patient Special$79.99 New Patient Special Includes Cleaning, Exam & X-rays. Book Your Appointment TodayVisit Site",N/A,N/A,https://www.google.com/maps/place/Astra+Dental/data=!4m7!3m6!1s0x880fab1ad6852975:0x9d5a0d50c4973014!8m2!3d41.952323!4d-88.122464!16s%2Fg%2F11lymnvy_h!19sChIJdSmF1hqrD4gRFDCXxFANWp0?authuser=0&hl=en&rclk=1
SponsoredţŚöBlooming Smiles Dental Studio  4.8Dentist ┬Ě 156 East Lake StreetOpen ┬Ě Closes 7ÔÇ»PM ┬Ě (630) 295-9600ţáőWebsiteţö«Directions┬á Dentists in BloomingdaleNow You Can Feel Good about Your Smile and Your Dentist When You Visit Us.Visit Site,https://myastradental.com/,N/A,https://www.google.com/maps/place/Blooming+Smiles+Dental+Studio/data=!4m7!3m6!1s0x880fac6934c699cf:0x2d75732bb482f553!8m2!3d41.955983!4d-88.075748!16s%2Fg%2F12qfw980g!19sChIJz5nGNGmsD4gRU_WCtCtzdS0?authuser=0&hl=en&rclk=1
Village Dental  4.8Dentist ┬Ě ţĄ┤ ┬Ě 958 Elk Grove Town CenterOpen ┬Ě Closes 5ÔÇ»PM ┬Ě (847) 364-5100ţáőWebsiteţö«Directions,https://www.bloomingsmilesdentalstudio.com/,N/A,https://www.google.com/maps/place/Village+Dental/data=!4m7!3m6!1s0x880fb1ddf6fdf9e9:0xe97711c0ad9fab22!8m2!3d42.001708!4d-88.006194!16s%2Fg%2F1tk688hw!19sChIJ6fn99t2xD4gRIqufrcARd-k?authuser=0&hl=en&rclk=1
Medical Center Dental Associates  4.9Dentist ┬Ě ţĄ┤ ┬Ě 901 Biesterfield Rd UNIT 104Open ┬Ě Closes 6ÔÇ»PM ┬Ě (847) 437-8366ţáőWebsiteţö«Directions,https://www.elkgrovevillagedental.com/,N/A,https://www.google.com/maps/place/Medical+Center+Dental+Associates/data=!4m7!3m6!1s0x880fae187e390855:0x4b59e909b110d6ea!8m2!3d42.0030163!4d-88.0193688!16s%2Fg%2F1td33n1v!19sChIJVQg5fhiuD4gR6tYQsQnpWUs?authuser=0&hl=en&rclk=1
"Elk Grove Smile Center: Vishal Advani, DDS  4.9Dentist ┬Ě ţĄ┤ ┬Ě Eberle Building, 800 Biesterfield Rd #660Open ┬Ě Closes 7ÔÇ»PM ┬Ě (847) 437-3250ţáőWebsiteţö«Directions",https://www.mcdadental.com/,your@email.com,"https://www.google.com/maps/place/Elk+Grove+Smile+Center:+Vishal+Advani,+DDS/data=!4m7!3m6!1s0x880fb1e57bb011d7:0xd057ec72f14781ab!8m2!3d42.0049169!4d-88.0144967!16s%2Fg%2F12335r2qf!19sChIJ1xGwe-WxD4gRq4FH8XLsV9A?authuser=0&hl=en&rclk=1"
Elk Grove Family Dental  5.0Dentist ┬Ě ţĄ┤ ┬Ě 8 E Devon AveOpen ┬Ě Closes 4ÔÇ»PM ┬Ě (847) 439-9440ţáőWebsiteţö«Directions,https://www.elkgrovesmilecenter.com/,elkgrovesmilecenter@gmail.com,https://www.google.com/maps/place/Elk+Grove+Family+Dental/data=!4m7!3m6!1s0x880fae187e390855:0x44c9d9e7a743925e!8m2!3d41.9932249!4d-88.0024796!16s%2Fg%2F1tfp_fc7!19sChIJVQg5fhiuD4gRXpJDp-fZyUQ?authuser=0&hl=en&rclk=1
Elk Grove Dental Care  4.4Dentist ┬Ě ţĄ┤ ┬Ě 146 Biesterfield RdOpen ┬Ě Closes 7ÔÇ»PM ┬Ě (847) 437-6500ţáőWebsiteţö«Directions,https://www.elkgrovevillageildentist.com/,N/A,https://www.google.com/maps/place/Elk+Grove+Dental+Care/data=!4m7!3m6!1s0x880fb1de65cab475:0x1613f4fb2a4f49d6!8m2!3d42.0046136!4d-88.0083203!16s%2Fg%2F1td6h205!19sChIJdbTKZd6xD4gR1klPKvv0ExY?authuser=0&hl=en&rclk=1
Village Smiles  4.9Dentist ┬Ě ţĄ┤ ┬Ě 640 Meacham RdOpen ┬Ě Closes 4ÔÇ»PM ┬Ě (847) 985-5552ţáőWebsiteţö«Directions,https://www.elkgrovedentalil.com/,N/A,https://www.google.com/maps/place/Village+Smiles/data=!4m7!3m6!1s0x880fae5be3916863:0x121720e3d42fb9cb!8m2!3d42.0062988!4d-88.0469727!16s%2Fg%2F11yf4f_qw!19sChIJY2iR41uuD4gRy7kv1OMgFxI?authuser=0&hl=en&rclk=1
